<application>
  <component name="SexyEditor">
    <option name="configs">
      <list>
        <BackgroundConfiguration>
          <option name="fileNames">
            <array>
              <option value="$USER_HOME$/WebStorm/web/(zhaoxi.net)-2.png" />
            </array>
          </option>
          <option name="opacity" value="0.3" />
          <option name="position" value="8" />
          <option name="shrink" value="true" />
          <option name="shrinkToFit" value="true" />
          <option name="shrinkValue" value="10" />
        </BackgroundConfiguration>
      </list>
    </option>
  </component>
</application>