<application>
  <component name="AppStorage">
    <histories>
      <item value="china" />
    </histories>
    <option name="languageScores">
      <map>
        <entry key="CHINESE" value="37" />
        <entry key="ENGLISH" value="17" />
        <entry key="CHINESE_TRADITIONAL" value="5" />
      </map>
    </option>
  </component>
  <component name="Settings">
    <option name="baiduTranslateSettings">
      <app-key>
        <option name="appId" value="20180529000168892" />
        <option name="appKeyConfigured" value="true" />
      </app-key>
    </option>
    <option name="ignoreRegExp" value="" />
    <option name="translator" value="fanyi.baidu" />
    <option name="youdaoTranslateSettings">
      <youdao-translate>
        <option name="appId" value="1fe46d93a2cb7f06" />
        <option name="appKeyConfigured" value="true" />
      </youdao-translate>
    </option>
  </component>
</application>